{"cameraMode":{"drawMode":0,"name":"Shaded","section":"Shading Mode"},"sceneLighting":true,"audioPlay":false,"sceneViewState":{"showFog":true,"showMaterialUpdate":false,"showSkybox":true,"showFlares":true,"showImageEffects":true,"showParticleSystems":true,"showVisualEffectGraphs":true,"m_FxEnabled":true},"in2DMode":false,"pivot":{"x":2.5288867950439455,"y":3.115776538848877,"z":-14.812155723571778},"rotation":{"x":0.08895684778690338,"y":-0.8980467319488525,"z":0.2134929746389389,"w":0.37419164180755618},"size":1.0817807912826539,"orthographic":false}