{"cameraMode":{"drawMode":0,"name":"Shaded","section":"Shading Mode"},"sceneLighting":true,"audioPlay":false,"sceneViewState":{"showFog":true,"showMaterialUpdate":false,"showSkybox":true,"showFlares":true,"showImageEffects":true,"showParticleSystems":true,"showVisualEffectGraphs":true,"m_FxEnabled":true},"in2DMode":false,"pivot":{"x":1.9187111854553223,"y":-2.8777220249176027,"z":1.1294658184051514},"rotation":{"x":0.12593142688274384,"y":0.6380103230476379,"z":-0.10682647675275803,"w":0.7521138787269592},"size":3.7013328075408937,"orthographic":false}